<?xml version="1.0" encoding="utf-8" ?>
<dwsync>
<file name="animated.less" server="www.ewebsolutionskech.com:2666" local="131269134320000000" remote="131273326590000000" Dst="1" />
<file name="bordered-pulled.less" server="www.ewebsolutionskech.com:2666" local="131269134320000000" remote="131273326590000000" Dst="1" />
<file name="core.less" server="www.ewebsolutionskech.com:2666" local="131269134320000000" remote="131273326600000000" Dst="1" />
<file name="fixed-width.less" server="www.ewebsolutionskech.com:2666" local="131269134320000000" remote="131273326600000000" Dst="1" />
<file name="font-awesome.css" server="www.ewebsolutionskech.com:2666" local="131273326064500809" remote="131273326610000000" Dst="1" />
<file name="font-awesome.less" server="www.ewebsolutionskech.com:2666" local="131269134320000000" remote="131273326610000000" Dst="1" />
<file name="icons.less" server="www.ewebsolutionskech.com:2666" local="131269134320000000" remote="131273326620000000" Dst="1" />
<file name="larger.less" server="www.ewebsolutionskech.com:2666" local="131269134320000000" remote="131273326620000000" Dst="1" />
<file name="list.less" server="www.ewebsolutionskech.com:2666" local="131269134320000000" remote="131273326630000000" Dst="1" />
<file name="mixins.css" server="www.ewebsolutionskech.com:2666" local="131273326063806772" remote="131273326630000000" Dst="1" />
<file name="mixins.less" server="www.ewebsolutionskech.com:2666" local="131269134320000000" remote="131273326630000000" Dst="1" />
<file name="path.less" server="www.ewebsolutionskech.com:2666" local="131269134330000000" remote="131273326630000000" Dst="1" />
<file name="rotated-flipped.less" server="www.ewebsolutionskech.com:2666" local="131269134320000000" remote="131273326630000000" Dst="1" />
<file name="screen-reader.less" server="www.ewebsolutionskech.com:2666" local="131269134330000000" remote="131273326640000000" Dst="1" />
<file name="stacked.less" server="www.ewebsolutionskech.com:2666" local="131269134320000000" remote="131273326640000000" Dst="1" />
<file name="variables.css" server="www.ewebsolutionskech.com:2666" local="131273326063806772" remote="131273326640000000" Dst="1" />
<file name="variables.less" server="www.ewebsolutionskech.com:2666" local="131269134320000000" remote="131273326650000000" Dst="1" />
</dwsync>