<?xml version="1.0" encoding="utf-8" ?>
<dwsync>
<file name="font-awesome.scss" server="www.ewebsolutionskech.com:2666" local="131269134320000000" remote="131273326660000000" Dst="1" />
<file name="_animated.scss" server="www.ewebsolutionskech.com:2666" local="131269134320000000" remote="131273326660000000" Dst="1" />
<file name="_bordered-pulled.scss" server="www.ewebsolutionskech.com:2666" local="131269134320000000" remote="131273326660000000" Dst="1" />
<file name="_core.scss" server="www.ewebsolutionskech.com:2666" local="131269134320000000" remote="131273326660000000" Dst="1" />
<file name="_fixed-width.scss" server="www.ewebsolutionskech.com:2666" local="131269134320000000" remote="131273326670000000" Dst="1" />
<file name="_icons.scss" server="www.ewebsolutionskech.com:2666" local="131269134320000000" remote="131273326670000000" Dst="1" />
<file name="_larger.scss" server="www.ewebsolutionskech.com:2666" local="131269134320000000" remote="131273326680000000" Dst="1" />
<file name="_list.scss" server="www.ewebsolutionskech.com:2666" local="131269134320000000" remote="131273326680000000" Dst="1" />
<file name="_mixins.scss" server="www.ewebsolutionskech.com:2666" local="131269134320000000" remote="131273326680000000" Dst="1" />
<file name="_path.scss" server="www.ewebsolutionskech.com:2666" local="131269134330000000" remote="131273326680000000" Dst="1" />
<file name="_rotated-flipped.scss" server="www.ewebsolutionskech.com:2666" local="131269134320000000" remote="131273326680000000" Dst="1" />
<file name="_screen-reader.scss" server="www.ewebsolutionskech.com:2666" local="131269134330000000" remote="131273326690000000" Dst="1" />
<file name="_stacked.scss" server="www.ewebsolutionskech.com:2666" local="131269134320000000" remote="131273326690000000" Dst="1" />
<file name="_variables.scss" server="www.ewebsolutionskech.com:2666" local="131269134320000000" remote="131273326710000000" Dst="1" />
</dwsync>